ticker,name,sector33,price,ma25,ma75,price_above_ma25,ma25_above_ma75,cross_status,adx14,plus_di,minus_di,obv_confirm,adx_early_signal,rsi14,macd,macd_signal,macd_hist,atr14,score
8303.T,ＳＢＩ新生銀行,銀行業,1558.0,1527.3,1475.4,True,True,ゴールデンクロス済み,99.9,0.1,99.8,True,False,0.1,-121186.4,-178220.28,57033.88,15140.6,7.0
5711.T,三菱マテリアル,非鉄金属,5944.0,4937.0,4760.1,True,True,ゴールデンクロス済み,37.9,40.5,11.8,True,False,71.8,388.04,305.69,82.35,264.4,6.52
5713.T,住友金属鉱山,非鉄金属,11400.0,9411.7,8705.6,True,True,ゴールデンクロス済み,37.6,37.4,14.4,True,False,70.0,888.36,737.82,150.53,588.7,6.5
8473.T,ＳＢＩホールディングス,証券、商品先物取引業,3405.0,3067.1,2926.7,True,True,ゴールデンクロス済み,33.9,37.7,11.5,True,False,71.1,123.18,91.87,31.31,91.7,6.36
4403.T,日油,化学,2800.5,2766.3,2743.4,True,True,ゴールデンクロス済み,24.3,15.2,22.3,True,False,55.4,10.27,4.79,5.48,57.9,5.97
8053.T,住友商事,卸売業,1750.0,1711.3,1671.8,True,True,ゴールデンクロス済み,22.5,24.0,17.5,True,False,57.2,29.95,33.34,-3.39,45.6,5.9
1605.T,ＩＮＰＥＸ,鉱業,3856.0,3708.0,3568.8,True,True,ゴールデンクロス済み,21.8,30.1,19.6,True,True,60.3,94.21,90.62,3.59,96.1,5.87
5019.T,出光興産,石油・石炭製品,1370.0,1321.5,1305.7,True,True,ゴールデンクロス済み,19.5,27.6,16.9,True,True,59.5,24.0,19.77,4.23,32.6,5.78
7911.T,ＴＯＰＰＡＮホールディングス,その他製品,5001.0,4863.5,4789.4,True,True,ゴールデンクロス済み,18.5,28.8,19.5,True,False,51.6,62.02,70.28,-8.26,217.1,5.74
2768.T,双日,卸売業,5589.0,5513.8,5371.7,True,True,ゴールデンクロス済み,17.0,25.1,22.3,True,True,54.0,71.78,78.17,-6.38,136.7,5.68
6923.T,スタンレー電気,電気機器,3603.0,3566.6,3564.6,True,True,ゴールデンクロス済み,10.9,16.8,19.3,True,False,53.3,17.94,18.13,-0.19,73.5,5.44
9501.T,東京電力ホールディングス,電気・ガス業,529.5,525.5,519.2,True,True,ゴールデンクロス済み,8.6,17.9,16.5,True,False,52.7,5.1,5.04,0.06,22.1,5.34
7550.T,ゼンショーホールディングス,小売業,11715.0,10869.3,9063.0,True,True,-,54.2,36.5,9.8,True,False,70.8,598.97,629.9,-30.93,332.4,5.0
9507.T,四国電力,電気・ガス業,1916.0,1764.4,1572.8,True,True,-,56.7,35.7,7.5,True,False,73.8,88.59,83.25,5.34,43.1,5.0
7832.T,バンダイナムコホールディングス,その他製品,5612.0,5095.2,4239.8,True,True,-,55.4,38.7,10.6,True,False,72.2,331.58,337.57,-5.99,175.4,5.0
7272.T,ヤマハ発動機,輸送用機器,1906.5,1737.0,1399.6,True,True,-,51.5,33.5,17.4,True,False,67.8,138.0,153.98,-15.97,67.3,5.0
9506.T,東北電力,電気・ガス業,1319.5,1241.2,1113.1,True,True,-,54.2,28.6,6.9,True,False,72.6,48.25,46.9,1.35,27.9,5.0
6448.T,ブラザー工業,電気機器,4724.0,4399.0,3950.5,True,True,-,50.3,35.1,9.1,True,False,73.2,190.51,194.66,-4.15,109.8,5.0
9104.T,商船三井,海運業,7003.0,6437.0,5824.0,True,True,-,47.9,39.2,13.3,True,False,69.3,360.27,340.44,19.83,195.9,4.92
4689.T,ＬＩＮＥヤフー,情報・通信業,550.0,491.2,445.0,True,True,-,46.2,44.0,10.7,True,False,75.3,26.01,21.54,4.47,14.6,4.85
9101.T,日本郵船,海運業,6932.0,6410.7,5750.6,True,True,-,44.6,44.2,15.3,True,False,68.6,332.88,309.14,23.75,175.8,4.78
4733.T,オービックビジネスコンサルタント,情報・通信業,8500.0,8111.9,6821.5,True,True,-,44.0,31.4,10.2,True,False,70.5,325.65,344.97,-19.32,236.1,4.76
4114.T,日本触媒,化学,2652.5,2442.7,2194.7,True,True,-,43.9,34.9,10.6,True,False,73.6,124.71,128.88,-4.17,60.6,4.76
6098.T,リクルートホールディングス,サービス業,16970.0,14789.0,12289.8,True,True,-,43.9,36.9,12.8,True,False,72.2,1130.48,1088.5,41.99,595.9,4.76
7846.T,パイロットコーポレーション,その他製品,2036.5,1914.0,1747.0,True,True,-,43.7,37.1,11.6,True,False,72.0,62.87,58.85,4.03,42.2,4.75
3659.T,ネクソン,情報・通信業,3092.0,2723.5,2390.4,True,True,-,43.0,41.2,10.2,True,False,75.8,201.14,181.87,19.27,113.3,4.72
7733.T,オリンパス,精密機器,2141.5,1995.0,1835.5,True,True,-,41.7,31.9,9.4,True,False,67.9,92.04,93.26,-1.22,62.4,4.67
6417.T,ＳＡＮＫＹＯ,機械,1978.0,1900.7,1724.3,True,True,-,41.6,29.6,13.0,True,False,69.7,56.66,58.15,-1.49,43.6,4.66
9697.T,カプコン,情報・通信業,4159.0,4030.8,3398.7,True,True,-,41.2,31.6,18.4,True,False,59.9,168.37,193.75,-25.38,149.0,4.65
2269.T,明治ホールディングス,食料品,4457.0,4103.0,3856.9,True,True,-,40.6,41.1,10.7,True,False,73.2,163.75,142.41,21.34,100.8,4.62
9107.T,川崎汽船,海運業,3288.0,3021.0,2722.4,True,True,-,40.2,43.8,16.8,True,False,67.4,163.11,147.11,16.0,97.4,4.61
4768.T,大塚商会,情報・通信業,3560.0,3408.6,3040.6,True,True,-,40.1,32.7,13.9,True,False,65.7,113.14,119.68,-6.54,90.0,4.6
9432.T,ＮＴＴ,情報・通信業,168.2,159.7,152.2,True,True,-,39.9,37.3,12.4,True,False,68.5,4.29,3.65,0.63,2.8,4.6
9009.T,京成電鉄,陸運業,1340.5,1298.4,1187.5,True,True,-,39.7,27.3,11.0,True,False,66.8,27.34,26.0,1.34,27.0,4.59
3697.T,ＳＨＩＦＴ,情報・通信業,962.7,904.6,750.4,True,True,-,39.3,32.8,13.3,True,False,61.5,44.1,45.97,-1.86,47.1,4.57
5021.T,コスモエネルギーホールディングス,石油・石炭製品,4200.0,4063.3,3856.4,True,True,-,38.5,28.0,10.6,True,False,60.1,87.2,85.81,1.39,94.7,4.54
4507.T,塩野義製薬,医薬品,2909.5,2878.9,2874.0,True,True,ゴールデンクロス済み,13.5,20.2,15.7,False,True,54.4,14.04,6.28,7.76,64.4,4.54
6869.T,シスメックス,電気機器,1920.0,1791.6,1570.5,True,True,-,38.0,35.7,13.1,True,False,62.5,90.91,94.54,-3.62,59.6,4.52
7011.T,三菱重工業,機械,3985.0,4000.6,3872.7,False,True,ゴールデンクロス済み,13.1,24.8,23.7,True,False,49.6,21.18,49.05,-27.87,131.5,4.52
8410.T,セブン銀行,銀行業,336.0,328.7,298.6,True,True,-,37.4,27.9,12.9,True,False,61.2,7.16,8.13,-0.96,7.2,4.5
9508.T,九州電力,電気・ガス業,1960.0,1864.4,1742.8,True,True,-,37.5,24.7,7.1,True,False,65.3,52.72,46.62,6.1,46.6,4.5
9843.T,ニトリホールディングス,小売業,3064.0,2840.5,2602.1,True,True,-,37.5,31.9,12.6,True,False,65.1,130.88,129.35,1.53,97.7,4.5
3994.T,マネーフォワード,情報・通信業,6428.0,5788.1,4876.1,True,True,-,37.0,32.6,12.7,True,False,61.6,324.83,300.98,23.85,380.3,4.48
2607.T,不二製油,食料品,4555.0,4287.9,3938.2,True,True,-,37.0,34.4,13.0,True,False,64.9,156.65,154.58,2.07,123.1,4.48
9434.T,ソフトバンク,情報・通信業,237.5,231.6,220.5,True,True,-,36.7,28.6,14.7,True,False,62.8,4.22,4.16,0.06,4.5,4.47
9684.T,スクウェア・エニックス・ホールディングス,情報・通信業,2885.0,2831.2,2630.4,True,True,-,36.4,35.7,18.3,True,False,56.3,74.08,83.65,-9.57,93.9,4.46
4527.T,ロート製薬,医薬品,3082.0,2689.9,2505.1,True,True,-,36.3,47.2,12.4,True,False,75.8,153.4,125.52,27.89,81.7,4.45
3197.T,すかいらーくホールディングス,小売業,3343.0,3223.2,2953.5,True,True,-,36.1,32.1,16.7,True,False,61.5,85.49,83.31,2.17,84.9,4.44
6457.T,グローリー,機械,4872.0,4725.6,4288.9,True,True,-,35.8,26.8,14.4,True,False,62.4,126.68,140.02,-13.33,105.3,4.43
6460.T,セガサミーホールディングス,機械,3016.0,2791.1,2465.3,True,True,-,35.5,34.7,13.8,True,False,70.7,115.67,98.06,17.61,96.8,4.42
6532.T,ベイカレント,サービス業,7895.0,7305.5,6372.8,True,True,-,35.1,32.6,12.2,True,False,66.3,307.51,286.32,21.19,293.0,4.4
2914.T,日本たばこ産業,食料品,7001.0,6919.0,6344.8,True,True,-,34.2,26.4,15.3,True,False,59.1,123.82,156.84,-33.02,133.3,4.37
8729.T,ソニーフィナンシャルグループ,保険業,162.5,157.2,149.2,True,True,-,33.9,31.5,10.6,True,False,64.7,2.51,2.01,0.51,3.3,4.36
4911.T,資生堂,化学,3699.0,3469.8,2960.9,True,True,-,33.5,34.7,15.8,True,False,64.4,164.13,167.59,-3.46,133.4,4.34
3397.T,トリドールホールディングス,小売業,4324.0,4273.7,3986.1,True,True,-,33.6,32.0,17.3,True,False,56.7,56.86,60.29,-3.43,102.4,4.34
7974.T,任天堂,その他製品,8728.0,8223.7,7499.7,True,True,-,33.5,32.0,18.5,True,False,61.6,355.3,361.85,-6.54,284.3,4.34
8304.T,あおぞら銀行,銀行業,3379.0,3258.0,2930.9,True,True,-,33.1,26.6,15.4,True,False,65.1,89.61,99.91,-10.29,81.2,4.32
4912.T,ライオン,化学,1889.5,1810.9,1697.9,True,True,-,33.1,33.2,14.5,True,False,61.8,46.25,47.63,-1.38,48.6,4.32
4684.T,オービック,情報・通信業,4818.0,4605.7,4210.1,True,True,-,32.7,34.6,13.5,True,False,67.6,133.85,129.92,3.93,121.8,4.31
8242.T,エイチ・ツー・オー　リテイリング,小売業,3019.0,2887.3,2743.0,True,True,-,32.4,30.4,9.6,True,False,67.5,55.04,39.87,15.18,70.4,4.3
4922.T,コーセーホールディングス,化学,5822.0,5788.5,5415.2,True,True,-,32.5,27.0,14.2,True,False,54.7,88.71,98.34,-9.63,169.9,4.3
5108.T,ブリヂストン,ゴム製品,4136.0,4054.4,3644.1,True,True,-,32.5,32.7,18.4,True,False,60.9,90.97,108.22,-17.25,83.1,4.3
6592.T,マブチモーター,電気機器,1746.0,1704.6,1607.9,True,True,-,32.3,24.0,11.0,True,False,58.2,33.02,34.44,-1.42,40.9,4.29
5838.T,楽天銀行,銀行業,6503.0,5862.4,5495.3,True,True,-,31.4,37.0,13.4,True,False,66.7,245.98,195.31,50.67,233.0,4.26
4452.T,花王,化学,3619.0,3475.2,3215.5,True,True,-,31.5,36.7,15.4,True,False,62.3,81.12,83.06,-1.94,85.0,4.26
6952.T,カシオ計算機,電気機器,2403.0,2200.3,1936.2,True,True,-,30.8,33.4,16.8,True,False,63.7,115.99,124.21,-8.22,91.7,4.23
4578.T,大塚ホールディングス,医薬品,12180.0,11961.4,11273.8,True,True,-,30.3,26.7,14.9,True,False,55.5,217.27,259.62,-42.35,354.8,4.21
9766.T,コナミグループ,情報・通信業,21735.0,21225.8,19588.7,True,True,-,29.9,26.4,15.9,True,False,57.6,628.38,693.56,-65.19,767.3,4.2
2801.T,キッコーマン,食料品,1793.0,1743.4,1611.1,True,True,-,30.1,29.0,17.0,True,False,57.5,44.33,46.88,-2.55,50.4,4.2
2212.T,山崎製パン,食料品,3649.0,3523.9,3293.2,True,True,-,30.1,34.1,16.1,True,False,61.3,80.74,74.82,5.92,90.1,4.2
5714.T,ＤＯＷＡホールディングス,非鉄金属,10385.0,9199.5,9341.6,True,False,接近中,29.4,33.4,18.8,True,False,67.3,448.0,340.63,107.37,387.5,4.18
4194.T,ビジョナル,情報・通信業,9274.0,9061.0,8232.7,True,True,-,29.2,26.0,13.6,True,False,59.0,210.91,234.09,-23.18,276.9,4.17
7956.T,ピジョン,その他製品,2122.5,2073.8,1982.1,True,True,-,28.5,23.7,13.7,True,False,57.8,31.69,31.57,0.12,48.4,4.14
7747.T,朝日インテック,精密機器,3862.0,3808.6,3671.6,True,True,-,28.4,29.2,20.3,True,False,51.4,83.63,99.73,-16.1,128.8,4.14
3941.T,レンゴー,パルプ・紙,1592.5,1562.5,1463.3,True,True,-,28.4,28.8,19.0,True,False,59.0,25.83,31.07,-5.24,34.4,4.14
2503.T,キリンホールディングス,食料品,3049.0,3007.1,2827.3,True,True,-,28.3,29.0,17.4,True,False,56.1,42.69,45.76,-3.07,69.8,4.13
4401.T,ＡＤＥＫＡ,化学,4653.0,4383.6,4221.2,True,True,-,28.0,31.1,15.7,True,False,62.6,123.18,126.55,-3.37,132.8,4.12
4208.T,ＵＢＥ,化学,3560.0,3425.3,3177.9,True,True,-,27.7,27.4,16.0,True,False,61.6,85.45,95.17,-9.72,72.9,4.11
6645.T,オムロン,電気機器,6527.0,6215.9,5895.5,True,True,-,27.7,33.4,18.0,True,False,56.7,176.02,213.41,-37.4,269.8,4.11
3626.T,ＴＩＳＩ,情報・通信業,3871.0,3769.8,3481.0,True,True,-,27.7,27.1,16.3,True,False,61.7,82.52,85.83,-3.31,107.5,4.11
9505.T,北陸電力,電気・ガス業,990.2,960.7,901.0,True,True,-,27.7,25.8,13.4,True,False,61.5,17.63,16.32,1.31,21.9,4.11
4661.T,オリエンタルランド,サービス業,3014.0,2961.4,2570.0,True,True,-,27.6,26.9,16.2,True,False,59.2,69.57,79.64,-10.07,83.8,4.1
7751.T,キヤノン,電気機器,4689.0,4566.4,4352.4,True,True,-,27.6,31.7,14.2,True,False,61.1,57.63,52.05,5.58,82.9,4.1
4543.T,テルモ,精密機器,2560.0,2463.9,2320.8,True,True,-,27.5,35.3,20.3,True,False,58.4,72.41,78.85,-6.44,77.3,4.1
8015.T,豊田通商,卸売業,7550.0,7108.0,6640.3,True,True,-,27.6,31.6,16.6,True,False,66.5,241.15,236.45,4.7,209.9,4.1
2222.T,寿スピリッツ,食料品,2705.5,2628.5,2423.9,True,True,-,27.2,24.3,14.5,True,False,60.2,50.56,53.39,-2.83,71.2,4.09
5830.T,いよぎんホールディングス,銀行業,3927.0,3785.2,3372.7,True,True,-,27.1,30.2,16.3,True,False,61.4,114.52,127.9,-13.39,120.2,4.08
7752.T,リコー,電気機器,1690.5,1621.2,1519.6,True,True,-,27.0,31.9,14.4,True,False,64.3,36.69,33.22,3.47,39.5,4.08
4681.T,リゾートトラスト,サービス業,1879.5,1815.2,1749.7,True,True,-,26.8,32.5,13.2,True,True,60.0,33.03,28.19,4.84,43.1,4.07
7867.T,タカラトミー,その他製品,3665.0,3614.2,3274.2,True,True,-,26.5,27.2,18.3,True,False,57.9,62.52,69.48,-6.95,100.4,4.06
4502.T,武田薬品工業,医薬品,5809.0,5645.7,5328.3,True,True,-,26.4,31.5,18.8,True,False,60.7,104.38,93.35,11.04,112.9,4.06
9509.T,北海道電力,電気・ガス業,1093.5,1045.8,979.4,True,True,-,26.3,23.4,10.7,True,True,65.9,24.47,21.94,2.54,25.5,4.05
7282.T,豊田合成,輸送用機器,5377.0,5240.1,5008.9,True,True,-,26.3,27.7,14.2,True,False,57.1,72.24,62.13,10.11,151.4,4.05
8001.T,伊藤忠商事,卸売業,2105.0,2042.2,1945.2,True,True,-,26.2,28.7,15.5,True,False,61.2,38.81,35.09,3.72,49.1,4.05
9449.T,ＧＭＯインターネットグループ,情報・通信業,4129.0,4116.6,3657.5,True,True,-,25.9,22.7,16.0,True,False,55.8,41.21,59.82,-18.61,130.7,4.04
5901.T,東洋製罐グループホールディングス,金属製品,4506.0,4291.0,4091.4,True,True,-,25.8,28.9,14.0,True,False,68.0,98.79,88.63,10.16,92.5,4.03
4587.T,ペプチドリーム,医薬品,1107.5,1014.0,1029.4,True,False,接近中,25.7,24.5,10.9,True,True,65.9,33.49,23.07,10.42,42.5,4.03
9147.T,ＮＩＰＰＯＮ　ＥＸＰＲＥＳＳホールディングス,陸運業,5735.0,5480.1,5247.0,True,True,-,25.2,27.5,16.0,True,False,62.0,107.35,89.89,17.46,141.7,4.01
8088.T,岩谷産業,卸売業,2215.0,2133.5,2018.8,True,True,-,24.5,25.8,16.9,True,False,62.1,47.84,53.65,-5.81,53.8,3.98
4523.T,エーザイ,医薬品,4820.0,4819.4,4344.3,True,True,-,24.4,29.7,24.3,True,False,54.4,82.76,107.67,-24.91,123.2,3.98
4503.T,アステラス製薬,医薬品,2391.0,2307.0,2222.4,True,True,-,24.5,30.4,17.5,True,False,60.1,52.02,48.81,3.21,54.4,3.98
2809.T,キユーピー,食料品,4686.0,4650.3,4377.4,True,True,-,24.3,23.5,16.8,True,True,54.3,56.96,65.31,-8.35,97.7,3.97
9435.T,光通信,情報・通信業,40430.0,39405.2,37403.4,True,True,-,24.2,31.1,15.8,True,False,61.4,571.2,515.34,55.86,856.7,3.97
7167.T,めぶきフィナンシャルグループ,銀行業,1683.5,1592.7,1478.7,True,True,-,24.1,32.4,17.3,True,False,62.7,44.94,42.62,2.32,44.2,3.96
7267.T,本田技研工業,輸送用機器,1662.5,1658.9,1523.5,True,True,-,24.1,20.6,20.0,True,False,52.1,31.94,40.89,-8.95,48.2,3.96
3088.T,マツキヨココカラ＆カンパニー,小売業,2579.5,2532.9,2413.6,True,True,-,23.7,30.9,19.4,True,False,57.5,29.61,25.49,4.12,58.0,3.95
9706.T,日本空港ビルデング,不動産業,5941.0,5704.6,5227.5,True,True,-,23.4,26.1,13.7,True,False,68.3,115.92,105.0,10.91,141.8,3.94
6301.T,小松製作所,機械,7561.0,7175.8,6720.6,True,True,-,23.4,36.1,18.6,True,False,63.4,179.18,160.87,18.31,215.6,3.94
2897.T,日清食品ホールディングス,食料品,2977.5,2962.2,2812.7,True,True,-,23.6,27.8,18.7,True,False,52.4,30.36,32.92,-2.56,72.9,3.94
9616.T,共立メンテナンス,サービス業,3432.0,3365.4,2966.8,True,True,-,23.3,25.2,20.3,True,False,60.0,73.13,78.97,-5.83,96.5,3.93
6501.T,日立製作所,電気機器,5433.0,5352.7,5007.8,True,True,-,23.0,26.4,21.3,True,False,57.4,78.83,112.49,-33.65,152.9,3.92
9503.T,関西電力,電気・ガス業,2605.0,2454.3,2357.7,True,True,-,22.6,28.4,14.9,True,True,69.2,65.21,47.05,18.17,60.2,3.9
4631.T,ＤＩＣ,化学,5025.0,4942.4,4803.8,True,True,-,22.6,30.1,26.0,True,False,50.7,101.38,142.23,-40.86,165.1,3.9
8308.T,りそなホールディングス,銀行業,2441.5,2348.5,2229.7,True,True,-,20.7,31.1,19.8,True,False,58.4,41.89,39.49,2.4,68.7,3.83
3635.T,コーエーテクモホールディングス,情報・通信業,1688.5,1635.5,1556.1,True,True,-,20.7,26.7,19.1,True,False,58.5,33.8,32.2,1.6,43.6,3.83
7459.T,メディパルホールディングス,卸売業,2893.0,2871.9,2759.6,True,True,-,20.6,24.5,15.8,True,True,55.6,28.75,27.2,1.56,60.7,3.82
8309.T,三井住友トラストグループ,銀行業,1761.0,1702.8,1576.8,True,True,-,20.6,28.5,16.0,True,False,63.5,28.36,26.99,1.38,37.4,3.82
4680.T,ラウンドワン,サービス業,1319.5,1290.0,1131.4,True,True,-,20.3,18.7,13.9,True,False,54.4,31.9,36.54,-4.65,58.8,3.81
5831.T,しずおかフィナンシャルグループ,銀行業,3618.0,3392.3,3173.7,True,True,-,20.2,32.9,18.3,True,True,64.6,85.33,71.89,13.44,99.2,3.81
4568.T,第一三共,医薬品,2886.5,2767.2,2671.9,True,True,-,20.0,33.0,20.2,True,True,59.3,46.53,31.95,14.58,81.0,3.8
3401.T,帝人,繊維製品,1730.0,1716.1,1670.2,True,True,-,19.8,25.1,18.2,True,True,52.3,14.03,17.54,-3.5,38.7,3.79
5076.T,インフロニア・ホールディングス,建設業,2841.0,2705.7,2652.7,True,True,-,19.6,26.5,18.2,True,False,59.8,31.79,16.86,14.93,77.5,3.78
8334.T,群馬銀行,銀行業,2781.5,2649.9,2453.9,True,True,-,19.6,31.9,18.5,True,True,63.4,66.15,63.12,3.03,68.4,3.78
6724.T,セイコーエプソン,電気機器,3138.0,3071.3,2881.9,True,True,-,19.3,25.4,16.5,True,False,58.3,50.59,57.09,-6.49,81.1,3.77
8341.T,七十七銀行,銀行業,3889.0,3692.4,3445.5,True,True,-,19.0,31.7,19.6,True,False,63.1,88.07,82.15,5.92,106.8,3.76
3349.T,コスモス薬品,小売業,6569.0,6484.1,6251.2,True,True,-,19.1,23.1,16.3,True,True,55.1,48.41,39.8,8.61,186.3,3.76
7951.T,ヤマハ,その他製品,1323.0,1306.0,1197.6,True,True,-,18.5,27.6,22.9,True,False,57.1,20.65,27.72,-7.08,32.2,3.74
8233.T,高島屋,小売業,2444.0,2305.0,2224.6,True,True,-,18.6,32.1,14.1,True,True,61.7,39.46,18.82,20.64,69.6,3.74
5401.T,日本製鉄,鉄鋼,671.0,667.7,593.5,True,True,-,43.4,30.3,14.0,False,False,57.4,14.59,19.3,-4.71,15.4,3.74
3402.T,東レ,繊維製品,1276.5,1258.3,1181.2,True,True,-,18.3,23.6,21.7,True,False,53.6,23.19,32.86,-9.68,32.8,3.73
2593.T,伊藤園,食料品,3002.0,2995.8,2927.0,True,True,-,17.9,28.3,18.5,True,True,52.1,7.67,4.57,3.1,63.8,3.72
2433.T,博報堂ＤＹホールディングス,サービス業,1328.5,1291.4,1205.1,True,True,-,17.8,28.7,21.1,True,False,59.0,26.02,22.92,3.1,40.1,3.71
6702.T,富士通,電気機器,3753.0,3658.4,3442.4,True,True,-,17.5,29.9,19.9,True,False,57.4,69.54,73.08,-3.53,121.2,3.7
3038.T,神戸物産,卸売業,2817.5,2798.5,2706.7,True,True,-,17.5,23.0,18.6,True,False,54.7,25.44,26.98,-1.54,69.6,3.7
9627.T,アインホールディングス,小売業,6133.0,6019.3,5765.5,True,True,-,17.3,23.1,17.5,True,True,56.7,97.7,97.51,0.19,142.7,3.69
2331.T,ＡＬＳＯＫ,サービス業,1191.5,1171.5,1124.1,True,True,-,16.9,20.3,16.0,True,True,60.7,14.48,13.42,1.06,24.5,3.68
3086.T,Ｊ．フロント　リテイリング,小売業,3111.0,2963.1,2771.3,True,True,-,16.8,33.4,18.7,True,True,61.0,29.92,5.55,24.37,81.6,3.67
5844.T,京都フィナンシャルグループ,銀行業,4864.0,4749.0,4621.6,True,True,-,16.6,27.8,18.6,True,True,55.1,62.61,67.23,-4.62,122.1,3.66
7261.T,マツダ,輸送用機器,1197.5,1175.8,1134.5,True,True,-,16.0,23.2,14.7,True,True,55.3,15.33,14.0,1.33,36.2,3.64
1721.T,コムシスホールディングス,建設業,5432.0,5300.9,5355.8,True,False,接近中,16.0,24.1,14.2,True,True,58.8,25.93,5.5,20.43,112.8,3.64
7337.T,ひろぎんホールディングス,銀行業,2356.0,2288.8,2168.5,True,True,-,15.5,27.9,19.4,True,False,59.0,33.39,32.74,0.64,54.4,3.62
2802.T,味の素,食料品,5441.0,5266.2,5377.5,True,False,接近中,15.6,24.6,16.6,True,False,52.4,32.3,19.72,12.57,206.2,3.62
8604.T,野村ホールディングス,証券、商品先物取引業,1611.5,1557.6,1458.9,True,True,-,15.6,31.8,20.5,True,False,61.2,17.22,13.03,4.19,36.8,3.62
1928.T,積水ハウス,建設業,3460.0,3456.0,3353.6,True,True,-,15.3,30.4,23.0,True,False,53.7,10.11,8.34,1.77,51.7,3.61
4902.T,コニカミノルタ,電気機器,658.9,648.4,610.0,True,True,-,15.3,25.6,19.7,True,False,54.7,9.63,10.44,-0.81,24.6,3.61
2127.T,日本Ｍ＆Ａセンターホールディングス,サービス業,688.8,666.1,656.5,True,True,-,15.3,30.6,20.7,True,False,60.6,7.19,3.76,3.43,14.5,3.61
9404.T,日本テレビホールディングス,情報・通信業,3012.0,2934.7,2880.1,True,True,-,15.2,27.8,19.0,True,True,59.4,34.7,24.61,10.09,70.6,3.61
5233.T,太平洋セメント,ガラス・土石製品,4249.0,4174.3,4149.5,True,True,-,15.0,26.3,19.5,True,False,55.6,29.44,25.34,4.09,107.2,3.6
4385.T,メルカリ,情報・通信業,4593.0,4583.2,4293.0,True,True,-,15.1,23.8,22.2,True,False,50.8,34.0,62.83,-28.82,202.4,3.6
8804.T,東京建物,不動産業,3427.0,3391.7,3300.1,True,True,-,15.1,23.2,16.0,True,True,54.8,13.09,6.7,6.38,69.1,3.6
9069.T,センコーグループホールディングス,陸運業,2246.0,2254.5,2072.6,False,True,-,39.7,21.8,16.7,True,False,53.1,32.7,47.41,-14.71,47.8,3.59
8377.T,ほくほくフィナンシャルグループ,銀行業,8228.0,7972.7,7194.2,True,True,-,14.6,28.4,21.9,True,False,57.7,174.91,205.66,-30.75,273.0,3.58
6005.T,三浦工業,機械,3222.0,3171.4,3188.1,True,False,接近中,14.5,28.2,23.6,True,False,54.5,5.0,-7.12,12.12,75.8,3.58
9021.T,西日本旅客鉄道,陸運業,2993.5,2962.6,2795.6,True,True,-,14.3,26.7,22.7,True,False,58.2,19.21,13.42,5.79,61.0,3.57
4205.T,日本ゼオン,化学,2420.5,2366.1,2286.9,True,True,-,14.3,24.4,19.7,True,False,57.6,30.35,34.42,-4.07,58.5,3.57
2282.T,日本ハム,食料品,6332.0,6285.4,6147.0,True,True,-,14.1,26.0,21.6,True,False,53.3,47.63,41.83,5.79,135.5,3.56
3132.T,マクニカホールディングス,卸売業,3599.0,3478.0,3322.9,True,True,-,14.1,34.4,23.0,True,False,55.2,44.18,53.07,-8.89,171.9,3.56
6504.T,富士電機,電気機器,14230.0,13977.4,14134.6,True,False,接近中,14.1,26.6,20.4,True,False,53.2,122.43,164.81,-42.38,607.5,3.56
5803.T,フジクラ,非鉄金属,5500.0,5030.5,5071.3,True,False,接近中,14.1,28.0,22.4,True,False,55.0,136.27,135.68,0.59,385.6,3.56
8331.T,千葉銀行,銀行業,2786.5,2730.7,2568.9,True,True,-,14.0,27.0,20.1,True,False,55.9,36.38,37.66,-1.28,75.9,3.56
4528.T,小野薬品工業,医薬品,2456.0,2420.6,2381.1,True,True,-,14.0,21.9,20.2,True,False,54.7,19.83,16.17,3.66,57.2,3.56
9468.T,ＫＡＤＯＫＡＷＡ,情報・通信業,3672.0,3558.4,3460.9,True,True,-,13.8,26.1,21.7,True,False,59.6,32.14,17.26,14.88,92.4,3.55
6302.T,住友重機械工業,機械,5815.0,5678.0,5355.8,True,True,-,13.7,26.2,19.8,True,False,55.4,109.25,128.3,-19.05,218.3,3.55
7182.T,ゆうちょ銀行,銀行業,3301.0,3213.2,3175.9,True,True,-,13.7,28.7,23.1,True,False,56.4,8.73,-2.01,10.74,88.8,3.55
5020.T,ＥＮＥＯＳホールディングス,石油・石炭製品,1331.0,1307.7,1280.0,True,True,-,13.4,21.0,17.5,True,True,55.4,12.44,10.44,2.0,32.6,3.54
7189.T,西日本フィナンシャルホールディングス,銀行業,4759.0,4558.1,4291.4,True,True,-,13.6,27.9,20.9,True,False,60.4,102.09,103.03,-0.94,128.3,3.54
2327.T,日鉄ソリューションズ,情報・通信業,3901.0,3841.8,3609.5,True,True,-,13.4,25.6,19.2,True,False,58.7,47.37,46.75,0.63,91.7,3.54
7269.T,スズキ,輸送用機器,2134.0,2054.8,1978.2,True,True,-,13.4,25.8,18.7,True,False,58.5,32.48,23.18,9.3,58.8,3.54
5832.T,ちゅうぎんフィナンシャルグループ,銀行業,3493.0,3405.1,3213.7,True,True,-,13.2,29.4,19.8,True,True,58.6,47.55,49.48,-1.93,90.4,3.53
8316.T,三井住友フィナンシャルグループ,銀行業,6794.0,6781.2,6517.8,True,True,-,13.2,26.0,26.2,True,False,52.2,-9.86,-4.5,-5.36,158.8,3.53
8359.T,八十二長野銀行,銀行業,2663.5,2602.5,2474.5,True,True,-,13.1,27.1,21.1,True,False,56.9,26.66,27.26,-0.6,72.8,3.52
6178.T,日本郵政,サービス業,2425.0,2390.4,2268.7,True,True,-,13.1,26.9,22.3,True,False,57.8,12.22,9.52,2.7,51.8,3.52
8601.T,大和証券グループ本社,証券、商品先物取引業,1823.0,1805.2,1679.3,True,True,-,12.8,22.4,19.2,True,False,57.1,10.87,10.96,-0.09,38.9,3.51
4203.T,住友ベークライト,化学,7534.0,7266.1,7066.9,True,True,-,12.8,24.8,23.1,True,False,54.3,91.22,107.22,-16.0,312.5,3.51
8031.T,三井物産,卸売業,4927.0,4878.5,4935.4,True,False,接近中,12.4,22.3,18.8,True,False,54.6,24.79,17.34,7.44,109.6,3.5
3107.T,ダイワボウホールディングス,卸売業,3708.0,3651.9,3509.4,True,True,-,12.6,27.4,26.4,True,False,57.0,39.79,43.43,-3.63,88.3,3.5
9020.T,東日本旅客鉄道,陸運業,3604.0,3557.3,3509.5,True,True,-,12.4,28.0,23.0,True,False,55.6,11.93,-3.33,15.27,80.7,3.5
8591.T,オリックス,その他金融業,6345.0,6343.3,6283.0,True,True,-,12.4,29.4,26.7,True,False,51.7,-25.86,-32.75,6.88,138.8,3.5
8801.T,三井不動産,不動産業,1518.5,1509.2,1514.8,True,False,接近中,12.3,23.9,21.6,True,False,53.3,-3.91,-11.23,7.33,31.5,3.49
8253.T,クレディセゾン,その他金融業,4717.0,4661.5,4458.9,True,True,-,12.2,22.4,17.7,True,False,54.0,40.64,42.56,-1.92,111.0,3.49
6326.T,クボタ,機械,2839.0,2734.7,2751.2,True,False,接近中,12.3,31.0,19.0,True,True,57.5,17.13,-2.53,19.66,89.6,3.49
6753.T,シャープ,電気機器,643.1,632.0,628.2,True,True,-,12.0,25.7,20.5,True,False,53.1,2.5,2.43,0.08,22.3,3.48
7180.T,九州フィナンシャルグループ,銀行業,1550.5,1524.6,1480.2,True,True,-,12.0,25.5,22.3,True,False,55.8,7.49,5.01,2.48,43.0,3.48
8282.T,ケーズホールディングス,小売業,1939.5,1923.5,1947.7,True,False,接近中,12.0,19.7,18.6,True,False,53.7,17.36,15.83,1.54,43.0,3.48
8411.T,みずほフィナンシャルグループ,銀行業,8340.0,8321.8,7937.5,True,True,-,12.0,25.7,26.0,True,False,51.8,12.87,33.04,-20.17,230.3,3.48
7186.T,横浜フィナンシャルグループ,銀行業,1912.0,1885.6,1787.8,True,True,-,11.7,24.7,23.6,True,False,55.1,15.63,15.01,0.62,49.5,3.47
8418.T,山口フィナンシャルグループ,銀行業,3158.0,3084.0,2954.8,True,True,-,11.7,26.4,20.5,True,False,56.6,37.01,36.74,0.27,82.5,3.47
8020.T,兼松,卸売業,2235.0,2159.3,2122.2,True,True,-,11.6,24.6,17.3,True,False,62.5,25.19,20.79,4.4,52.8,3.46
4307.T,野村総合研究所,情報・通信業,5046.0,4991.4,4820.0,True,True,-,11.5,27.3,22.2,True,False,53.0,37.92,29.4,8.52,171.7,3.46
6269.T,三井海洋開発,機械,9757.0,10099.9,10072.8,False,True,ゴールデンクロス済み,11.2,19.9,23.1,False,False,45.6,-82.39,-26.16,-56.23,448.3,3.45
5232.T,住友大阪セメント,ガラス・土石製品,5769.0,5668.5,5586.7,True,True,-,11.2,22.5,18.8,True,False,53.6,13.78,12.29,1.49,212.9,3.45
8354.T,ふくおかフィナンシャルグループ,銀行業,7718.0,7568.6,7146.5,True,True,-,10.9,27.4,20.8,True,False,57.0,87.02,87.23,-0.21,197.6,3.44
4151.T,協和キリン,医薬品,2618.0,2580.9,2512.2,True,True,-,10.2,20.8,18.3,True,False,55.1,5.64,1.4,4.24,58.7,3.41
9042.T,阪急阪神ホールディングス,陸運業,4765.0,4710.1,4601.8,True,True,-,10.0,22.1,20.5,True,False,56.5,31.05,21.03,10.02,105.5,3.4
8697.T,日本取引所グループ,その他金融業,2284.5,2243.5,2126.5,True,True,-,9.8,26.3,20.7,True,False,57.5,20.51,18.92,1.59,52.5,3.39
7729.T,東京精密,精密機器,18290.0,17722.8,18058.7,True,False,接近中,9.7,25.7,20.7,True,False,52.2,24.51,-9.58,34.09,979.1,3.39
6770.T,アルプスアルパイン,電気機器,2211.5,2177.4,2139.9,True,True,-,9.6,19.1,16.5,True,False,55.2,17.69,15.53,2.16,62.9,3.38
5411.T,ＪＦＥホールディングス,鉄鋼,1839.0,1823.5,1694.6,True,True,-,34.4,23.5,11.1,False,False,57.9,27.69,32.4,-4.71,42.5,3.38
6465.T,ホシザキ,機械,5705.0,5688.9,5387.8,True,True,-,9.3,18.9,19.4,True,False,55.4,43.53,53.24,-9.71,114.8,3.37
9861.T,吉野家ホールディングス,小売業,3774.0,3782.2,3400.4,False,True,-,34.0,30.4,20.4,True,False,55.5,63.69,79.6,-15.91,80.4,3.36
5631.T,日本製鋼所,機械,7706.0,7678.1,7753.4,True,False,接近中,9.0,22.0,22.3,True,False,49.5,-14.29,-5.91,-8.38,292.9,3.36
4544.T,Ｈ．Ｕ．グループホールディングス,サービス業,3641.0,3534.9,3364.8,True,True,-,33.6,27.8,11.7,False,False,58.9,70.64,69.23,1.41,84.5,3.34
6758.T,ソニーグループ,電気機器,3870.0,3731.1,3521.5,True,True,-,30.5,29.2,12.8,False,False,61.5,87.1,84.88,2.22,107.9,3.22
2502.T,アサヒグループホールディングス,食料品,1664.0,1679.3,1581.0,False,True,-,30.6,29.1,17.3,True,False,50.7,10.98,16.49,-5.51,36.4,3.22
7309.T,シマノ,輸送用機器,19870.0,19858.4,17897.2,True,True,-,28.7,28.8,21.9,False,False,54.8,336.22,440.99,-104.77,544.6,3.15
9022.T,東海旅客鉄道,陸運業,3955.0,3923.1,3644.8,True,True,-,27.0,25.6,12.9,False,False,58.4,44.19,44.51,-0.33,85.7,3.08
3405.T,クラレ,化学,1828.0,1851.0,1727.1,False,True,-,26.3,26.7,19.4,True,False,50.9,4.97,16.13,-11.16,47.4,3.05
7616.T,コロワイド,小売業,2101.0,2049.4,1908.1,True,True,-,25.8,33.8,17.3,False,False,61.8,34.02,33.02,1.0,43.9,3.03
9602.T,東宝,情報・通信業,1546.0,1509.9,1359.2,True,True,-,25.1,27.1,18.4,False,False,61.1,36.89,37.83,-0.94,43.2,3.0
5444.T,大和工業,鉄鋼,12305.0,12993.6,12381.1,False,True,-,24.7,22.5,27.4,True,False,40.3,-176.29,-73.74,-102.55,357.4,2.99
9072.T,ニッコンホールディングス,陸運業,5442.0,5301.6,5632.1,True,False,-,24.5,21.5,15.9,True,False,52.1,16.52,0.35,16.17,167.1,2.98
8725.T,ＭＳ＆ＡＤインシュアランスグループホールディングス,保険業,5052.0,4919.4,4605.2,True,True,-,24.2,32.4,17.0,False,False,61.7,87.75,79.71,8.04,111.2,2.97
3391.T,ツルハホールディングス,小売業,2354.5,2393.6,2186.7,False,True,-,24.1,21.2,15.6,True,False,50.4,14.94,25.32,-10.38,57.1,2.96
8111.T,ゴールドウイン,繊維製品,2170.0,2209.1,2193.4,False,True,-,23.2,19.2,27.6,True,False,47.4,-21.91,-26.34,4.44,50.4,2.93
6701.T,日本電気,電気機器,4735.0,4720.4,4321.4,True,True,-,23.3,28.8,20.4,False,False,53.2,63.82,96.46,-32.64,180.8,2.93
4506.T,住友ファーマ,医薬品,1441.0,1344.7,1428.7,True,False,-,22.9,25.1,14.7,True,False,58.6,24.54,9.93,14.61,50.6,2.92
4021.T,日産化学,化学,8053.0,7808.8,7796.5,True,True,-,23.1,24.1,15.4,False,False,53.4,81.21,55.96,25.25,253.8,2.92
7532.T,パン・パシフィック・インターナショナルホールディングス,小売業,812.8,880.9,854.5,False,True,-,22.7,21.3,28.2,True,False,37.0,-19.03,-8.63,-10.41,25.7,2.91
7203.T,トヨタ自動車,輸送用機器,3077.0,3025.5,2921.7,True,True,-,22.7,27.3,15.9,False,False,56.6,39.9,37.9,2.01,71.0,2.91
4901.T,富士フイルムホールディングス,化学,3296.0,3461.3,3441.1,False,True,-,22.7,24.8,25.6,True,False,44.0,-84.65,-86.38,1.73,101.0,2.91
6367.T,ダイキン工業,機械,20840.0,22071.0,23462.1,False,False,-,47.6,10.2,32.2,True,False,29.8,-778.05,-794.47,16.43,462.5,2.9
3923.T,ラクス,情報・通信業,1137.0,1081.5,998.9,True,True,-,21.7,31.2,17.5,False,True,59.2,27.55,27.73,-0.18,46.5,2.87
3563.T,ＦＯＯＤ　＆　ＬＩＦＥ　ＣＯＭＰＡＮＩＥＳ,小売業,5802.0,5715.2,5265.4,True,True,-,21.7,20.9,15.1,False,False,58.3,89.4,111.88,-22.47,222.6,2.87
9759.T,ＮＳＤ,情報・通信業,2889.5,2817.6,2650.3,True,True,-,21.6,25.9,15.7,False,False,61.3,50.32,48.11,2.21,62.8,2.86
8795.T,Ｔ＆Ｄホールディングス,保険業,4848.0,4927.1,4713.3,False,True,-,21.2,14.7,20.5,True,False,48.5,-30.63,-21.02,-9.61,116.9,2.85
9735.T,セコム,サービス業,6413.0,6615.6,6525.0,False,True,-,21.1,14.2,22.8,True,False,42.9,-71.07,-59.98,-11.09,137.9,2.84
6849.T,日本光電工業,電気機器,1487.0,1526.7,1476.9,False,True,-,20.0,20.6,25.5,True,False,46.6,-5.18,-3.29,-1.88,43.0,2.8
3774.T,インターネットイニシアティブ,情報・通信業,3262.0,3460.6,3284.9,False,True,-,19.7,17.8,26.5,True,False,37.6,-31.9,1.46,-33.36,90.0,2.79
5929.T,三和ホールディングス,金属製品,3620.0,3664.8,3634.8,False,True,-,19.7,21.4,29.5,True,False,47.2,-22.63,-26.35,3.71,85.6,2.79
4324.T,電通グループ,サービス業,3535.0,3599.3,3306.5,False,True,-,19.8,23.4,21.0,True,False,49.6,30.48,51.81,-21.33,120.8,2.79
3360.T,シップヘルスケアホールディングス,卸売業,2346.5,2417.3,2248.9,False,True,-,19.8,19.5,24.5,True,False,46.3,1.45,11.82,-10.37,49.4,2.79
1332.T,ニッスイ,水産・農林業,1295.0,1279.8,1283.5,True,False,-,19.6,23.9,12.5,True,True,53.6,7.09,5.09,2.01,28.1,2.78
6951.T,日本電子,電気機器,7137.0,7871.1,7422.5,False,True,-,19.6,23.7,29.8,True,False,40.4,-228.63,-112.06,-116.57,350.0,2.78
6305.T,日立建機,機械,5819.0,5590.1,5366.0,True,True,-,19.3,28.1,16.2,False,True,58.4,118.6,93.8,24.8,188.5,2.77
7453.T,良品計画,小売業,4281.0,4306.2,3887.2,False,True,-,19.2,24.2,20.8,True,False,52.7,46.91,76.63,-29.72,129.1,2.77
7912.T,大日本印刷,その他製品,3102.0,3119.3,2946.8,False,True,-,18.3,17.6,21.4,True,False,46.9,24.35,43.89,-19.54,86.5,2.73
9502.T,中部電力,電気・ガス業,2896.5,2821.6,2884.6,True,False,-,17.5,24.6,26.5,True,False,53.2,5.89,-13.8,19.69,78.3,2.7
6762.T,ＴＤＫ,電気機器,3077.0,3045.7,3379.8,True,False,-,17.2,20.9,24.1,True,False,47.8,-37.67,-48.8,11.13,130.2,2.69
2413.T,エムスリー,サービス業,1778.5,1754.9,1691.3,True,True,-,16.7,31.4,23.8,False,False,52.8,-7.43,-18.68,11.25,79.6,2.67
1951.T,エクシオグループ,建設業,2633.5,2615.9,2709.6,True,False,-,16.6,29.3,20.5,True,False,51.4,-12.09,-19.97,7.88,54.5,2.66
1925.T,大和ハウス工業,建設業,4716.0,4653.9,4499.2,True,True,-,16.5,24.7,15.0,False,False,59.7,35.08,27.0,8.08,72.6,2.66
4188.T,三菱ケミカルグループ,化学,1171.0,1173.3,1131.6,False,True,-,16.6,25.2,18.1,True,False,51.0,-3.89,0.25,-4.14,34.7,2.66
7936.T,アシックス,その他製品,4467.0,4825.6,4637.1,False,True,-,16.2,21.6,27.5,True,False,39.6,-56.49,9.02,-65.51,200.0,2.65
4612.T,日本ペイントホールディングス,化学,1191.0,1213.2,1101.0,False,True,-,16.2,20.5,23.2,True,False,50.5,11.82,22.01,-10.19,30.8,2.65
9143.T,ＳＧホールディングス,陸運業,1522.5,1578.4,1530.2,False,True,-,16.3,21.1,24.5,True,False,39.8,-9.42,0.46,-9.88,34.8,2.65
6526.T,ソシオネクスト,電気機器,2059.5,2038.8,2407.0,True,False,-,15.9,24.8,23.6,True,False,47.3,-78.66,-104.75,26.08,119.2,2.64
4005.T,住友化学,化学,558.2,528.3,549.2,True,False,-,15.7,26.9,19.4,True,False,59.9,7.35,2.47,4.89,15.8,2.63
9433.T,ＫＤＤＩ,情報・通信業,2880.5,2903.3,2790.7,False,True,-,15.8,22.9,18.8,True,False,51.0,8.63,11.48,-2.85,63.5,2.63
1812.T,鹿島建設,建設業,4826.0,5071.1,5524.1,False,False,-,40.6,12.2,31.7,True,False,35.7,-184.74,-201.56,16.82,140.4,2.62
1969.T,高砂熱学工業,建設業,4361.0,4272.8,4554.0,True,False,-,15.4,26.1,25.1,True,False,50.6,-45.13,-80.01,34.88,136.7,2.62
8750.T,第一ライフグループ,保険業,1816.5,1864.3,1787.2,False,True,-,15.5,21.7,24.2,True,False,46.6,-14.6,-8.32,-6.28,41.0,2.62
7211.T,三菱自動車工業,輸送用機器,374.2,358.1,350.4,True,True,-,15.6,29.4,16.5,False,False,59.7,4.37,1.66,2.71,12.3,2.62
8766.T,東京海上ホールディングス,保険業,7629.0,7731.5,7521.7,False,True,-,15.2,25.5,23.3,True,False,51.2,-63.37,-66.52,3.14,172.7,2.61
2501.T,サッポロビール,食料品,1916.5,1976.7,1851.7,False,True,-,15.2,24.3,22.2,True,False,45.2,-13.59,-5.43,-8.15,60.8,2.61
6861.T,キーエンス,電気機器,82150.0,81709.6,78319.5,True,True,-,15.0,26.5,25.5,False,False,52.4,831.57,1330.61,-499.04,2312.7,2.6
7202.T,いすゞ自動車,輸送用機器,2213.0,2283.7,2264.6,False,True,-,15.1,16.7,22.7,True,False,43.9,-24.64,-20.38,-4.27,59.0,2.6
9024.T,西武ホールディングス,陸運業,3372.0,3419.4,3232.2,False,True,-,14.7,15.7,20.2,True,False,49.0,-10.35,-11.4,1.05,116.2,2.59
285A.T,キオクシアホールディングス,電気機器,52500.0,50858.0,66770.3,True,False,-,14.8,23.9,25.4,True,False,46.4,-2533.94,-3485.24,951.3,5188.6,2.59
7735.T,ＳＣＲＥＥＮホールディングス,電気機器,13535.0,13508.8,14351.7,True,False,-,14.5,24.3,26.7,True,False,45.9,-453.48,-543.35,89.87,796.8,2.58
8056.T,ＢＩＰＲＯＧＹ,情報・通信業,4656.0,4635.2,4545.1,True,True,-,14.5,28.7,22.8,False,False,53.3,10.66,-3.52,14.18,139.4,2.58
2587.T,サントリービバレッジ＆フード,食料品,4535.0,4616.0,4446.3,False,True,-,14.2,22.0,21.5,True,False,46.4,-10.84,-1.53,-9.31,93.0,2.57
2432.T,ディー・エヌ・エー,情報・通信業,2528.0,2487.9,2552.6,True,False,接近中,13.9,28.0,17.1,False,True,53.6,9.59,1.88,7.71,56.7,2.56
7741.T,ＨＯＹＡ,精密機器,24465.0,25237.6,25871.4,False,False,接近中,14.0,22.1,26.7,True,False,39.0,-195.98,-47.66,-148.32,699.1,2.56
6971.T,京セラ,電気機器,3649.0,3709.6,3586.8,False,True,-,13.7,22.5,27.2,True,False,47.6,-17.46,2.08,-19.54,118.6,2.55
7701.T,島津製作所,精密機器,4100.0,4126.3,3982.0,False,True,-,13.8,22.6,27.2,True,False,49.4,3.37,11.38,-8.01,90.8,2.55
2871.T,ニチレイ,食料品,2147.0,2187.0,2078.0,False,True,-,13.7,23.2,29.5,True,False,48.0,-0.32,6.65,-6.97,61.8,2.55
1963.T,日揮ホールディングス,建設業,2293.0,2286.3,2459.9,True,False,-,13.7,21.9,23.1,True,False,48.5,-20.12,-26.29,6.17,71.1,2.55
8113.T,ユニ・チャーム,化学,982.6,996.7,953.8,False,True,-,13.2,22.8,21.8,True,False,48.5,3.05,5.95,-2.9,23.1,2.53
5801.T,古河電気工業,非鉄金属,4089.0,3719.4,4283.7,True,False,-,12.9,25.3,25.8,True,False,54.7,65.29,40.93,24.36,317.9,2.52
8306.T,三菱ＵＦＪフィナンシャル・グループ,銀行業,3608.0,3590.4,3366.1,True,True,-,13.1,27.2,24.2,False,False,54.2,14.53,20.95,-6.41,87.1,2.52
6752.T,パナソニック　ホールディングス,電気機器,4375.0,4278.2,4099.1,True,True,-,12.8,29.2,26.8,False,False,51.8,44.29,65.56,-21.27,189.0,2.51
4004.T,レゾナック・ホールディングス,化学,16390.0,15417.0,16590.1,True,False,-,12.5,23.5,19.4,True,False,53.5,204.8,170.67,34.13,1075.5,2.5
7013.T,ＩＨＩ,機械,2720.0,2795.1,2747.8,False,True,-,12.2,21.3,26.0,True,False,46.2,-27.87,-8.66,-19.21,114.2,2.49
8060.T,キヤノンマーケティングジャパン,卸売業,3578.0,3595.0,3526.6,False,True,-,12.2,19.6,21.2,True,False,50.9,-1.84,9.31,-11.15,74.0,2.49
6988.T,日東電工,化学,3421.0,3444.6,3235.6,False,True,-,11.8,20.4,21.4,True,False,51.6,19.25,37.02,-17.77,85.2,2.47
6963.T,ローム,電気機器,4830.0,4645.2,4950.8,True,False,-,11.4,30.2,23.6,True,False,51.2,-6.8,-22.52,15.72,269.2,2.46
4062.T,イビデン,電気機器,20545.0,18646.8,19870.3,True,False,-,11.6,26.4,20.3,True,False,55.0,387.26,267.43,119.83,1672.6,2.46
4676.T,フジ・メディア・ホールディングス,情報・通信業,4081.0,4105.4,4007.7,False,True,-,11.5,22.7,20.4,True,False,48.1,16.05,21.7,-5.65,103.9,2.46
5463.T,丸一鋼管,鉄鋼,1752.5,1772.4,1771.0,False,True,-,10.9,24.0,25.5,True,False,46.9,-11.15,-10.07,-1.08,43.1,2.44
9202.T,ＡＮＡホールディングス,空運業,3058.0,3090.5,2986.7,False,True,-,10.9,20.2,20.9,True,False,48.8,-2.28,4.22,-6.5,52.1,2.44
5406.T,神戸製鋼所,鉄鋼,2022.0,2023.4,1959.9,False,True,-,10.7,22.5,21.1,True,False,53.2,12.31,14.5,-2.2,40.8,2.43
7003.T,三井Ｅ＆Ｓ,機械,4396.0,4408.0,4424.6,False,False,接近中,10.8,27.3,26.2,True,False,51.3,-55.92,-74.38,18.47,210.7,2.43
7270.T,ＳＵＢＡＲＵ,輸送用機器,2585.0,2616.1,2527.1,False,True,-,10.8,20.3,21.0,True,False,49.4,9.91,12.98,-3.07,67.6,2.43
5802.T,住友電気工業,非鉄金属,2255.0,2239.4,2644.4,True,False,-,10.6,27.1,28.8,True,False,47.4,-53.72,-67.95,14.23,133.5,2.42
6902.T,デンソー,輸送用機器,1903.5,1961.4,1923.8,False,True,-,10.2,22.0,26.7,True,False,44.6,-13.41,-9.43,-3.98,40.0,2.41
3116.T,トヨタ紡織,輸送用機器,2239.5,2249.7,2225.1,False,True,-,10.1,20.9,24.8,True,False,50.1,2.85,2.96,-0.11,49.0,2.4
8267.T,イオン,小売業,1346.5,1367.7,1375.6,False,False,接近中,9.8,20.9,20.3,True,False,45.5,-3.22,-2.19,-1.03,35.6,2.39
1911.T,住友林業,建設業,1344.0,1344.1,1318.4,False,True,-,9.7,23.1,18.6,True,False,51.0,0.86,0.03,0.83,29.8,2.39
5016.T,ＪＸ金属,非鉄金属,3792.0,3786.8,3956.1,True,False,-,9.6,26.9,22.5,True,False,48.9,-34.31,-42.52,8.22,227.6,2.38
4183.T,三井化学,化学,2135.5,2153.7,2136.4,False,True,-,8.9,21.0,20.9,True,False,47.8,-5.41,0.62,-6.03,54.3,2.36
6857.T,アドバンテスト,電気機器,34610.0,33006.0,30131.4,True,True,-,8.9,22.9,22.2,False,False,54.2,1212.36,1412.66,-200.3,2113.3,2.36
3382.T,セブン＆アイ・ホールディングス,小売業,1983.0,2044.6,1954.5,False,True,-,8.5,19.8,24.4,True,False,44.2,-8.98,-1.44,-7.55,44.0,2.34
6525.T,ＫＯＫＵＳＡＩ　ＥＬＥＣＴＲＩＣ,電気機器,8722.0,8262.0,8728.3,True,False,-,8.5,25.2,21.8,True,False,51.5,-74.23,-142.86,68.63,628.3,2.34
8058.T,三菱商事,卸売業,4737.0,4775.0,4787.2,False,False,接近中,8.3,17.5,20.2,True,False,49.8,9.46,18.61,-9.15,105.8,2.33
5101.T,横浜ゴム,ゴム製品,7448.0,7561.3,7339.9,False,True,-,8.2,18.4,19.3,True,False,47.4,-16.38,7.1,-23.48,298.7,2.33
6707.T,サンケン電気,電気機器,7494.0,8185.0,9156.3,False,False,-,32.0,15.0,31.9,True,False,37.1,-486.58,-459.24,-27.34,418.5,2.28
6323.T,ローツェ,機械,4105.0,4070.9,4237.9,True,False,-,6.7,26.0,25.1,True,False,48.8,-62.69,-75.49,12.8,261.2,2.27
9065.T,山九,陸運業,8366.0,8725.2,8761.3,False,False,-,28.9,12.9,26.3,True,False,38.8,-135.61,-119.26,-16.34,176.0,2.16
4704.T,トレンドマイクロ,情報・通信業,5711.0,6171.4,6112.2,False,True,-,28.1,21.3,33.5,False,False,42.6,-204.11,-153.84,-50.27,231.0,2.12
4042.T,東ソー,化学,2663.5,2701.5,2758.4,False,False,-,27.8,14.3,26.2,True,False,44.4,-28.67,-27.85,-0.81,56.8,2.11
5105.T,ＴＯＹＯ　ＴＩＲＥ,ゴム製品,3811.0,3935.3,3819.3,False,True,-,26.8,16.5,24.5,False,False,46.1,-43.72,-41.06,-2.65,117.5,2.07
5332.T,ＴＯＴＯ,ガラス・土石製品,6476.0,6595.3,7422.6,False,False,-,26.1,20.7,28.9,True,False,41.9,-237.22,-290.78,53.56,232.6,2.04
8802.T,三菱地所,不動産業,3755.0,3793.0,3996.6,False,False,-,25.8,21.6,29.0,True,False,45.3,-71.56,-93.72,22.16,86.8,2.03
5334.T,日本特殊陶業,ガラス・土石製品,8474.0,9285.4,9894.3,False,False,-,24.9,17.5,31.5,True,False,29.9,-349.03,-264.58,-84.46,296.4,2.0
5301.T,東海カーボン,ガラス・土石製品,1670.5,1677.2,1692.0,False,False,-,24.9,31.2,24.9,True,False,47.5,1.28,13.15,-11.87,55.8,2.0
6845.T,アズビル,電気機器,1521.0,1584.4,1619.9,False,False,-,24.7,17.0,26.6,True,False,39.2,-35.86,-34.63,-1.23,39.7,1.99
4182.T,三菱瓦斯化学,化学,3900.0,4075.0,4663.2,False,False,-,24.4,19.7,29.6,True,False,42.4,-165.55,-174.09,8.54,193.1,1.98
9401.T,ＴＢＳホールディングス,情報・通信業,5818.0,5943.8,6033.7,False,False,-,24.2,17.5,28.0,True,False,41.9,-69.21,-76.21,7.0,129.0,1.97
6981.T,村田製作所,電気機器,7309.0,7409.2,8682.5,False,False,-,24.2,20.8,27.8,True,False,44.5,-304.07,-344.65,40.59,545.2,1.97
6976.T,太陽誘電,電気機器,8900.0,9965.3,13202.1,False,False,-,24.0,17.7,25.8,True,False,37.4,-914.47,-960.77,46.31,1003.5,1.96
7649.T,スギホールディングス,小売業,1324.0,1380.8,1444.9,False,False,-,24.0,16.1,29.4,True,False,37.8,-29.6,-29.47,-0.14,36.0,1.96
6383.T,ダイフク,機械,5798.0,6023.4,6609.6,False,False,-,24.1,18.3,28.7,True,False,36.7,-158.22,-149.92,-8.3,199.4,1.96
6113.T,アマダ,機械,2595.0,2720.4,2860.7,False,False,-,24.1,19.6,31.6,True,False,41.8,-74.59,-66.19,-8.4,109.2,1.96
9983.T,ファーストリテイリング,小売業,71220.0,76152.6,78444.3,False,False,-,24.1,13.6,31.6,True,False,30.7,-2053.09,-1595.63,-457.46,1831.9,1.96
1802.T,大林組,建設業,2993.0,3083.2,3189.9,False,False,-,24.0,15.3,27.9,True,False,41.7,-58.64,-62.04,3.39,70.7,1.96
1803.T,清水建設,建設業,2418.0,2393.1,2505.2,True,False,-,23.6,17.3,24.4,False,False,51.0,-18.2,-28.87,10.68,70.0,1.94
4980.T,デクセリアルズ,化学,3078.0,3159.2,3826.5,False,False,-,22.9,22.9,24.8,True,False,42.9,-162.68,-196.51,33.83,171.5,1.92
5333.T,ＮＧＫ,ガラス・土石製品,5399.0,5644.1,6278.8,False,False,-,22.7,19.7,29.7,True,False,38.6,-209.76,-207.1,-2.66,252.6,1.91
8830.T,住友不動産,不動産業,3387.0,3481.3,3638.8,False,False,-,21.9,20.1,29.6,True,False,40.8,-75.51,-86.34,10.83,76.9,1.88
4043.T,トクヤマ,化学,4026.0,4078.3,4595.8,False,False,-,21.8,19.2,25.6,True,False,42.2,-103.9,-122.77,18.87,153.5,1.87
4061.T,デンカ,化学,3406.0,3487.1,3876.5,False,False,-,21.8,19.0,27.4,True,False,42.8,-97.46,-106.31,8.86,150.7,1.87
6361.T,荏原製作所,機械,4821.0,5363.0,5647.6,False,False,-,21.5,18.7,34.6,True,False,36.0,-231.7,-172.63,-59.07,287.9,1.86
6268.T,ナブテスコ,機械,4581.0,4711.0,5062.0,False,False,-,21.5,18.0,27.8,True,False,42.8,-108.63,-100.51,-8.12,194.4,1.86
6754.T,アンリツ,電気機器,3410.0,3551.1,4038.9,False,False,-,21.2,19.6,28.5,True,False,41.5,-130.72,-139.45,8.72,168.8,1.85
1942.T,関電工,建設業,5483.0,5536.6,6075.5,False,False,-,20.5,21.9,25.9,True,False,44.9,-135.15,-167.14,31.99,182.4,1.82
6506.T,安川電機,電気機器,4847.0,5045.6,6094.2,False,False,-,20.4,20.6,28.8,True,False,38.1,-200.76,-210.38,9.62,238.9,1.82
6728.T,アルバック,電気機器,7560.0,8383.8,9119.5,False,False,-,20.2,21.3,36.2,True,False,36.3,-477.23,-419.8,-57.43,429.4,1.81
6954.T,ファナック,電気機器,6023.0,6363.5,7068.0,False,False,-,20.1,21.2,31.2,True,False,39.3,-212.13,-200.95,-11.18,257.1,1.8
8136.T,サンリオ,卸売業,1248.5,1257.2,1076.4,False,True,-,20.0,23.7,17.7,False,False,52.9,8.02,15.74,-7.73,68.0,1.8
2579.T,コカ・コーラ　ボトラーズジャパンホールディングス,食料品,3920.0,3993.7,3917.9,False,True,-,19.4,20.7,25.6,False,False,47.2,-53.96,-62.59,8.62,122.7,1.78
4516.T,日本新薬,医薬品,3598.0,3610.8,3920.5,False,False,-,19.4,20.5,25.0,True,False,42.9,-59.67,-76.69,17.02,84.9,1.78
9831.T,ヤマダホールディングス,小売業,703.7,704.2,666.6,False,True,-,19.3,18.8,13.4,False,False,52.9,4.98,5.28,-0.31,19.2,1.77
9302.T,三井倉庫ホールディングス,倉庫・運輸関連業,3333.0,3405.9,3616.2,False,False,-,19.2,16.8,23.9,True,False,42.5,-57.22,-67.59,10.37,78.3,1.77
4063.T,信越化学工業,化学,5993.0,6105.1,6845.0,False,False,-,19.3,19.7,31.8,True,False,38.3,-168.72,-178.89,10.16,170.9,1.77
3288.T,オープンハウスグループ,不動産業,7957.0,8271.3,8449.9,False,False,-,19.1,17.6,28.5,True,False,38.4,-136.92,-121.69,-15.24,179.4,1.76
6141.T,ＤＭＧ森精機,機械,3039.0,3403.5,3452.8,False,False,-,18.7,19.2,29.9,True,False,35.3,-154.27,-122.69,-31.58,136.4,1.75
4186.T,東京応化工業,化学,8780.0,9050.9,10078.8,False,False,-,18.5,20.5,29.0,True,False,43.0,-286.54,-295.16,8.63,472.2,1.74
7731.T,ニコン,精密機器,1957.0,1989.7,2060.1,False,False,-,18.6,15.4,23.4,True,False,43.4,-32.23,-33.79,1.56,72.7,1.74
6586.T,マキタ,機械,5300.0,5394.2,5571.8,False,False,-,18.3,18.8,26.2,True,False,45.1,-79.6,-88.26,8.66,128.0,1.73
4887.T,サワイグループホールディングス,医薬品,1611.0,1633.7,1689.2,False,False,-,18.1,17.8,15.2,True,False,43.5,-14.35,-16.12,1.77,33.5,1.72
8630.T,ＳＯＭＰＯホールディングス,保険業,6850.0,6939.2,6483.3,False,True,-,18.0,25.8,23.5,False,False,51.6,5.27,22.74,-17.48,151.2,1.72
4202.T,ダイセル,化学,1457.5,1462.6,1377.8,False,True,-,17.5,18.7,17.2,False,False,51.1,7.18,11.84,-4.66,29.8,1.7
6544.T,ジャパンエレベーターサービスホールディングス,サービス業,1559.0,1588.8,1688.7,False,False,-,17.3,20.6,22.9,True,False,43.3,-31.05,-39.95,8.9,46.4,1.69
8035.T,東京エレクトロン,電気機器,56000.0,56410.8,61738.5,False,False,-,17.1,24.2,28.4,True,False,44.2,-1885.85,-2226.29,340.44,3038.7,1.68
9064.T,ヤマトホールディングス,陸運業,1952.5,1978.8,1888.5,False,True,-,16.9,23.6,21.5,False,False,50.1,-4.3,-3.2,-1.1,45.7,1.68
8012.T,長瀬産業,卸売業,1169.5,1199.3,1172.8,False,True,-,16.0,18.5,28.3,False,False,44.0,-2.92,6.12,-9.04,31.9,1.64
6723.T,ルネサスエレクトロニクス,電気機器,3380.0,3609.3,4155.3,False,False,-,15.8,20.5,28.3,True,False,36.6,-178.3,-171.01,-7.29,215.2,1.63
6920.T,レーザーテック,電気機器,34610.0,38221.2,42358.3,False,False,-,15.8,19.4,29.5,True,False,39.4,-2215.49,-2041.79,-173.7,2629.3,1.63
8002.T,丸紅,卸売業,4908.0,5020.6,5036.3,False,False,-,15.6,17.7,25.0,True,False,45.6,-39.42,-36.88,-2.54,123.1,1.62
3407.T,旭化成,化学,1649.0,1697.4,1758.9,False,False,-,14.5,19.8,25.5,True,False,42.0,-36.97,-37.69,0.72,40.6,1.58
8129.T,東邦ホールディングス,卸売業,3919.0,3948.6,4006.3,False,False,接近中,14.4,24.4,22.7,False,False,48.4,-7.87,-18.38,10.51,101.9,1.58
7012.T,川崎重工業,輸送用機器,2626.5,2730.4,2852.3,False,False,-,14.1,21.2,28.6,True,False,42.7,-51.53,-37.54,-13.98,102.7,1.56
9987.T,スズケン,卸売業,5049.0,5061.2,5079.5,False,False,-,14.1,19.9,17.7,True,False,49.4,2.66,-3.91,6.57,103.1,1.56
3769.T,ＧＭＯペイメントゲートウェイ,情報・通信業,9606.0,9702.0,9111.4,False,True,-,13.9,25.4,25.3,False,False,50.8,-33.57,-3.18,-30.39,358.8,1.56
9962.T,ミスミグループ本社,卸売業,3667.0,3721.8,3719.5,False,True,-,13.7,21.5,26.8,False,False,46.4,-29.91,-18.42,-11.49,137.6,1.55
6368.T,オルガノ,機械,13190.0,14110.4,15426.5,False,False,-,13.7,21.0,26.2,True,False,39.1,-503.51,-448.9,-54.61,700.1,1.55
4751.T,サイバーエージェント,サービス業,1327.5,1377.6,1383.5,False,False,-,13.6,25.3,24.1,True,False,45.3,-27.56,-31.58,4.02,45.6,1.54
8227.T,しまむら,小売業,3313.0,3347.7,3286.6,False,True,-,13.4,22.0,16.8,False,True,48.0,-1.79,3.77,-5.56,76.6,1.54
4755.T,楽天グループ,サービス業,778.3,803.1,774.5,False,True,-,13.2,26.1,24.5,False,False,46.9,-7.47,-4.44,-3.03,25.1,1.53
5214.T,日本電気硝子,ガラス・土石製品,4802.0,4986.2,5868.1,False,False,-,38.2,15.2,35.6,False,False,39.3,-209.54,-234.06,24.52,183.9,1.53
6965.T,浜松ホトニクス,電気機器,2376.0,2384.2,2554.7,False,False,-,13.3,23.2,27.0,True,False,47.4,-21.5,-16.75,-4.74,102.0,1.53
6841.T,横河電機,電気機器,5145.0,5443.6,5346.4,False,True,-,13.2,21.3,28.3,False,False,41.9,-120.93,-92.55,-28.39,189.3,1.53
2267.T,ヤクルト本社,食料品,2824.5,2856.2,2783.6,False,True,-,12.9,20.0,22.3,False,False,46.2,16.22,24.3,-8.09,68.3,1.52
7201.T,日産自動車,輸送用機器,312.0,331.8,335.7,False,False,-,12.8,18.0,27.6,True,False,41.0,-3.2,-0.5,-2.7,10.8,1.51
6503.T,三菱電機,電気機器,5563.0,5706.4,5875.3,False,False,接近中,12.7,22.6,28.0,False,False,43.8,-44.68,-12.02,-32.66,198.5,1.51
5706.T,三井金属,非鉄金属,28850.0,29790.0,38605.1,False,False,-,12.6,24.1,26.7,True,False,43.9,-1474.17,-1742.23,268.06,2232.1,1.5
6473.T,ジェイテクト,機械,2060.5,2105.0,2069.5,False,True,-,12.5,19.6,21.0,False,False,45.8,-8.84,0.71,-9.55,61.2,1.5
5393.T,ニチアス,ガラス・土石製品,3415.0,3416.4,3559.1,False,False,-,12.3,28.5,25.7,True,False,48.5,-41.85,-42.92,1.07,122.7,1.49
6471.T,日本精工,機械,1107.5,1139.5,1162.0,False,False,接近中,11.9,24.1,27.3,False,False,41.8,-12.15,-6.86,-5.29,30.9,1.48
7181.T,かんぽ生命保険,保険業,1669.0,1702.6,1598.7,False,True,-,11.8,21.1,20.8,False,False,49.6,-3.5,2.03,-5.53,43.8,1.47
6136.T,オーエスジー,機械,3730.0,3784.1,3652.9,False,True,-,11.5,25.0,18.7,False,False,47.9,-13.77,0.12,-13.89,134.2,1.46
7988.T,ニフコ,化学,5061.0,5094.0,4785.8,False,True,-,11.4,18.4,19.0,False,False,51.2,9.27,17.41,-8.15,104.2,1.46
5110.T,住友ゴム工業,ゴム製品,2243.0,2300.5,2165.9,False,True,-,10.9,22.7,25.5,False,False,46.1,6.96,23.3,-16.34,69.5,1.44
6925.T,ウシオ電機,電気機器,3961.0,3998.6,4157.5,False,False,-,11.1,28.5,30.5,True,False,47.5,-53.1,-44.99,-8.11,181.6,1.44
6481.T,ＴＨＫ,機械,6804.0,6952.6,7218.6,False,False,-,10.9,22.1,23.3,True,False,44.6,-69.98,-31.97,-38.01,331.5,1.44
6273.T,ＳＭＣ,機械,71020.0,72514.4,70580.0,False,True,-,10.8,22.4,23.0,False,False,45.6,-244.69,270.63,-515.32,3129.6,1.43
8086.T,ニプロ,精密機器,1532.0,1599.8,1628.2,False,False,-,10.4,18.7,25.9,True,False,38.4,-14.75,-7.83,-6.92,35.4,1.42
3092.T,ＺＯＺＯ,小売業,1143.0,1145.4,1112.9,False,True,-,9.9,24.6,23.6,False,False,50.7,-2.01,-2.95,0.94,26.6,1.4
1944.T,きんでん,建設業,6975.0,7036.4,7280.5,False,False,-,9.8,26.8,26.7,True,False,48.0,-122.62,-157.98,35.36,207.2,1.39
3436.T,ＳＵＭＣＯ,金属製品,3434.0,3513.2,3837.5,False,False,-,9.4,26.6,22.7,True,False,44.4,-114.5,-111.52,-2.98,322.7,1.38
2875.T,東洋水産,食料品,10435.0,10618.6,10525.6,False,True,-,9.6,20.7,21.1,False,False,45.7,-9.13,3.95,-13.08,253.7,1.38
2264.T,森永乳業,食料品,1158.5,1204.2,1220.1,False,False,-,8.9,18.8,20.7,True,False,39.4,-16.79,-14.5,-2.29,34.2,1.36
3064.T,ＭｏｎｏｔａＲＯ,小売業,1872.5,1905.6,1877.1,False,True,-,8.9,21.6,21.7,False,False,48.7,-16.77,-16.6,-0.17,54.8,1.36
7259.T,アイシン,輸送用機器,2230.0,2272.7,2302.2,False,False,-,7.8,22.2,25.9,True,False,46.0,-12.77,-12.88,0.11,53.1,1.31
5201.T,ＡＧＣ,ガラス・土石製品,5756.0,5891.5,6494.8,False,False,-,31.9,15.0,25.4,False,False,40.4,-144.23,-162.85,18.61,159.9,1.28
6479.T,ミネベアミツミ,電気機器,3401.0,3631.2,4163.2,False,False,-,28.1,20.2,34.7,False,False,36.0,-178.51,-175.65,-2.86,145.7,1.12
4536.T,参天製薬,医薬品,1862.0,1912.8,1968.1,False,False,-,25.4,13.7,25.1,False,False,39.9,-32.24,-30.86,-1.38,51.6,1.02
6632.T,ＪＶＣケンウッド,電気機器,1032.5,1041.8,1100.7,False,False,-,23.3,20.4,26.6,False,False,47.2,-18.75,-24.69,5.93,32.2,0.93
1893.T,五洋建設,建設業,1455.5,1469.9,1625.6,False,False,-,22.4,21.4,31.6,False,False,45.5,-34.8,-44.3,9.5,47.5,0.9
1959.T,クラフティア,建設業,8255.0,8358.7,8811.9,False,False,-,19.6,18.7,28.0,False,False,45.0,-125.24,-155.2,29.96,213.6,0.78
6370.T,栗田工業,機械,8230.0,8458.7,8762.7,False,False,-,19.3,21.7,25.4,False,False,44.0,-180.06,-178.47,-1.59,316.3,0.77
6856.T,堀場製作所,電気機器,23675.0,24896.4,25994.3,False,False,-,18.3,19.9,28.4,False,False,41.8,-760.62,-685.31,-75.32,1067.8,0.73
4091.T,日本酸素ホールディングス,化学,5687.0,5865.8,5883.3,False,False,-,17.9,19.5,27.6,False,False,41.6,-78.65,-45.89,-32.76,158.5,0.72
3105.T,日清紡ホールディングス,電気機器,2145.0,2246.4,2283.1,False,False,-,16.9,21.7,26.1,False,False,42.7,-42.56,-20.96,-21.6,101.7,0.68
6146.T,ディスコ,機械,59780.0,60580.8,68757.3,False,False,-,16.8,22.1,28.4,False,False,43.2,-1638.98,-1813.38,174.4,3593.3,0.67
3099.T,三越伊勢丹ホールディングス,小売業,3571.0,3576.8,3647.1,False,False,-,16.4,19.5,13.4,False,False,47.3,-47.1,-57.35,10.25,111.0,0.66
1801.T,大成建設,建設業,12880.0,12949.2,13683.9,False,False,-,16.1,17.8,20.3,False,False,47.2,-215.9,-277.59,61.69,426.1,0.64
6472.T,ＮＴＮ,機械,373.6,380.9,402.7,False,False,-,15.8,21.0,26.3,False,False,43.2,-4.88,-4.36,-0.52,11.2,0.63
6806.T,ヒロセ電機,電気機器,25875.0,26685.2,27158.5,False,False,-,15.2,18.1,24.3,False,False,43.4,-495.63,-442.86,-52.77,880.6,0.61
5344.T,ＭＡＲＵＷＡ,ガラス・土石製品,54050.0,56381.6,64303.9,False,False,-,14.2,19.8,24.2,False,False,41.3,-1663.81,-1472.74,-191.07,3283.9,0.57
6134.T,ＦＵＪＩ,機械,7231.0,7584.8,7810.5,False,False,-,13.9,22.0,26.5,False,False,42.9,-137.87,-62.03,-75.84,401.2,0.56
6674.T,ジーエス・ユアサ　コーポレーション,電気機器,5374.0,5473.1,6146.3,False,False,-,13.7,23.4,26.9,False,False,44.0,-149.09,-172.77,23.69,239.9,0.55
2531.T,宝ホールディングス,食料品,2107.0,2107.4,2126.5,False,False,-,13.6,23.6,27.1,False,False,48.2,5.98,0.56,5.42,64.5,0.54
9984.T,ソフトバンクグループ,情報・通信業,5200.0,5356.1,6154.3,False,False,-,12.9,23.0,27.5,False,False,44.4,-163.51,-152.47,-11.04,343.7,0.52
5991.T,日本発條,金属製品,3414.0,3549.2,3677.2,False,False,-,11.6,22.4,26.7,False,False,40.7,-64.59,-50.56,-14.03,139.4,0.46
4519.T,中外製薬,医薬品,6947.0,6960.2,7330.1,False,False,-,11.4,23.8,22.4,False,False,46.5,-51.33,-71.0,19.67,171.6,0.46
5471.T,大同特殊鋼,鉄鋼,2257.0,2310.9,2338.1,False,False,-,10.9,22.3,23.7,False,False,44.1,-33.04,-28.22,-4.82,95.3,0.44
3591.T,ワコールホールディングス,繊維製品,4310.0,4348.4,4415.5,False,False,-,8.4,28.0,23.4,False,False,47.4,-35.0,-40.81,5.81,89.3,0.34
